{
  "1": 0.770941883767535,
  "2": 0.46432865731462925,
  "3": 0.15831663326653306,
  "4": 0.33266533066132264,
  "5": 0.3539078156312625,
  "6": 0.6372745490981964,
  "7": 0.3705410821643287,
  "8": 0.8681362725450902,
  "9": 0.9715430861723446,
  "10": 0.6424849699398798,
  "11": 0.9657314629258517,
  "12": 0.5963927855711423,
  "13": 0.9665330661322645,
  "14": 0.7579158316633267,
  "15": 0.531062124248497,
  "16": 0.9803607214428858,
  "17": 0.5344689378757514,
  "18": 0.9819639278557114,
  "19": 0.644689378757515,
  "20": 0.8318637274549098,
  "21": 0.8693386773547094,
  "22": 0.8384769539078156,
  "23": 0.986372745490982,
  "24": 0.6424849699398798,
  "25": 0.8188376753507014,
  "26": 0.38637274549098194,
  "27": 0.8480961923847695,
  "28": 0.39478957915831664,
  "29": 0.9859719438877755,
  "30": 0.4156312625250501,
  "31": 0.67374749498998,
  "32": 0.7072144288577155,
  "33": 0.955310621242485,
  "34": 0.5703406813627254,
  "35": 0.23667334669338677,
  "36": 0.5687374749498998,
  "37": 0.2889779559118236,
  "38": 0.9224448897795591,
  "39": 0.9809619238476954,
  "40": 0.6791583166332665,
  "41": 0.787374749498998,
  "42": 0.4789579158316633,
  "43": 0.5026052104208417,
  "44": 0.7601202404809619,
  "45": 0.8276553106212425,
  "46": 0.9525050100200401,
  "47": 0.48376753507014025,
  "48": 0.7739478957915832,
  "49": 0.3026052104208417,
  "50": 0.912625250501002,
  "51": 0.5060120240480962,
  "52": 0.6,
  "53": 0.301002004008016,
  "54": 0.4250501002004008,
  "55": 0.9825651302605211,
  "56": 0.7200400801603206,
  "57": 0.29579158316633264,
  "58": 0.6973947895791583,
  "59": 0.8665330661322646,
  "60": 0.5100200400801603,
  "61": 0.46753507014028056,
  "62": 0.7110220440881764,
  "63": 0.7527054108216433,
  "64": 0.9148296593186372,
  "65": 0.34529058116232464,
  "66": 0.2779559118236473,
  "67": 0.9240480961923848,
  "68": 0.9090180360721443,
  "69": 0.38296593186372746,
  "70": 0.7102204408817635,
  "71": 0.2507014028056112,
  "72": 0.5314629258517034,
  "73": 0.9196392785571142,
  "74": 0.4236472945891784,
  "75": 0.9871743486973948,
  "76": 0.9819639278557114,
  "77": 0.9885771543086173,
  "78": 0.9871743486973948,
  "79": 0.8,
  "80": 0.8416833667334669,
  "81": 0.8274549098196393,
  "82": 0.12304609218436874,
  "83": 0.4843687374749499,
  "84": 0.4452905811623247,
  "85": 0.9142284569138277,
  "86": 0.9715430861723446,
  "87": 0.2472945891783567,
  "88": 0.9014028056112224,
  "89": 0.41342685370741483,
  "90": 0.868937875751503,
  "91": 0.6350701402805611,
  "92": 0.4887775551102204,
  "93": 0.9871743486973948,
  "94": 0.9148296593186372,
  "95": 0.986372745490982,
  "96": 0.9394789579158317,
  "97": 0.8172344689378758,
  "98": 0.9857715430861723,
  "99": 0.3442885771543086,
  "100": 0.9905811623246493,
  "101": 0.5098196392785571,
  "102": 0.969939879759519,
  "103": 0.9603206412825651,
  "104": 0.4188376753507014,
  "105": 0.3098196392785571,
  "106": 0.8156312625250501,
  "107": 0.9869739478957916,
  "108": 0.3801603206412826,
  "109": 0.9853707414829659,
  "110": 0.7244488977955912,
  "111": 0.48296593186372744,
  "112": 0.5727454909819639,
  "113": 0.9561122244488978,
  "114": 0.5280561122244489,
  "115": 0.9078156312625251,
  "116": 0.7238476953907815,
  "117": 0.9470941883767535,
  "118": 0.5923847695390781,
  "119": 0.9917835671342685,
  "120": 0.9565130260521042,
  "121": 0.9923847695390782,
  "122": 0.981563126252505,
  "123": 0.9875751503006012,
  "124": 0.2775551102204409,
  "125": 0.7889779559118236,
  "126": 0.3869739478957916,
  "127": 0.21943887775551102,
  "128": 0.9374749498997996,
  "129": 0.9755511022044088,
  "130": 0.9911823647294589,
  "131": 0.9557114228456913,
  "132": 0.9158316633266533,
  "133": 0.9849699398797596,
  "134": 0.9885771543086173,
  "135": 0.9923847695390782,
  "136": 0.47354709418837676,
  "137": 0.5364729458917835,
  "138": 0.9937875751503006,
  "139": 0.994188376753507,
  "140": 0.7633266533066132,
  "141": 0.8086172344689379,
  "142": 0.9939879759519038,
  "143": 0.7410821643286574,
  "144": 0.9859719438877755,
  "145": 0.7084168336673347,
  "146": 0.5002004008016032,
  "147": 0.312625250501002,
  "148": 0.36352705410821645,
  "149": 0.25470941883767534,
  "150": 0.7949899799599198,
  "151": 0.8338677354709418,
  "152": 0.45470941883767535,
  "153": 0.7715430861723447,
  "154": 0.5935871743486973,
  "155": 0.05470941883767535,
  "156": 0.5188376753507014,
  "157": 0.5807615230460922,
  "158": 0.4342685370741483,
  "159": 0.7575150300601202,
  "160": 0.7468937875751503,
  "161": 0.43827655310621244,
  "162": 0.5178356713426854,
  "163": 0.2380761523046092,
  "164": 0.5861723446893787,
  "165": 0.8599198396793587,
  "166": 0.450501002004008,
  "167": 0.9026052104208416,
  "168": 0.7605210420841684,
  "169": 0.4064128256513026,
  "170": 0.4002004008016032,
  "171": 0.8326653306613226,
  "172": 0.5050100200400801,
  "173": 0.20561122244488977,
  "174": 0.3434869739478958,
  "175": 0.6380761523046092,
  "176": 0.6629258517034068,
  "177": 0.35971943887775554,
  "178": 0.2995991983967936,
  "179": 0.5597194388777555,
  "180": 0.45090180360721444,
  "181": 0.2088176352705411,
  "182": 0.28336673346693386,
  "183": 0.7693386773547094,
  "184": 0.49959919839679356,
  "185": 0.08697394789579159,
  "186": 0.8583166332665331,
  "187": 0.34008016032064126,
  "188": 0.5176352705410822,
  "189": 0.7316633266533066,
  "190": 0.8016032064128257,
  "191": 0.7120240480961924,
  "192": 0.9955911823647294,
  "193": 0.9855711422845691,
  "194": 0.9759519038076152,
  "195": 0.9955911823647294,
  "196": 0.9887775551102205,
  "197": 0.9877755511022044,
  "198": 0.9887775551102205,
  "199": 0.43366733466933866,
  "200": 0.9949899799599199,
  "201": 0.9865731462925852,
  "202": 0.7170340681362726,
  "203": 0.7258517034068136,
  "204": 0.7066132264529058,
  "205": 0.2717434869739479,
  "206": 0.26172344689378757,
  "207": 0.6715430861723447,
  "208": 0.4002004008016032,
  "209": 0.9847695390781563,
  "210": 0.4971943887775551,
  "211": 0.7172344689378758,
  "212": 0.524248496993988,
  "213": 0.405811623246493,
  "214": 0.4961923847695391,
  "215": 0.8971943887775551,
  "216": 0.3571142284569138,
  "217": 0.6322645290581163,
  "218": 0.986372745490982,
  "219": 0.9887775551102205,
  "220": 0.47114228456913826,
  "221": 0.4551102204408818,
  "222": 0.9887775551102205,
  "223": 0.9899799599198397,
  "224": 0.388376753507014,
  "225": 0.564128256513026,
  "226": 0.7549098196392786,
  "227": 0.9829659318637275,
  "228": 0.9807615230460922,
  "229": 0.7529058116232465,
  "230": 0.2280561122244489,
  "231": 0.9511022044088177,
  "232": 0.9601202404809619,
  "233": 0.319438877755511,
  "234": 0.3661322645290581,
  "235": 0.4218436873747495,
  "236": 0.961122244488978,
  "237": 0.8779559118236473,
  "238": 0.96312625250501,
  "239": 0.5929859719438878,
  "240": 0.9909819639278558,
  "241": 0.9072144288577154,
  "242": 0.9539078156312625,
  "243": 0.9881763527054108,
  "244": 0.9839679358717435,
  "245": 0.7260521042084168,
  "246": 0.32364729458917835,
  "247": 0.47114228456913826,
  "248": 0.9414829659318638,
  "249": 0.8406813627254509,
  "250": 0.7523046092184369,
  "251": 0.9841683366733467,
  "252": 0.48557114228456916,
  "253": 0.4875751503006012,
  "254": 0.1374749498997996,
  "255": 0.6797595190380762,
  "256": 0.38637274549098194,
  "257": 0.7917835671342686,
  "258": 0.23527054108216433,
  "259": 0.09318637274549098,
  "260": 0.2785571142284569,
  "261": 0.1905811623246493,
  "262": 0.5697394789579159,
  "263": 0.33627254509018034,
  "264": 0.9829659318637275,
  "265": 0.3935871743486974,
  "266": 0.9801603206412826,
  "267": 0.6549098196392785,
  "268": 0.7789579158316633,
  "269": 0.5917835671342685,
  "270": 0.5238476953907816,
  "271": 0.9881763527054108,
  "272": 0.9675350701402805,
  "273": 0.9809619238476954,
  "274": 0.5585170340681362,
  "275": 0.987374749498998,
  "276": 0.9222444889779559,
  "277": 0.9012024048096192,
  "278": 0.9224448897795591,
  "279": 0.9521042084168336,
  "280": 0.5154308617234469,