{
  "1": 0.6681362725450902,
  "2": 0.2659318637274549,
  "3": 0.4064128256513026,
  "4": 0.31342685370741485,
  "5": 0.14689378757515031,
  "6": 0.2783567134268537,
  "7": 0.1406813627254509,
  "8": 0.1625250501002004,
  "9": 0.18797595190380761,
  "10": 0.11102204408817636,
  "11": 0.10260521042084168,
  "12": 0.07414829659318638,
  "13": 0.013827655310621242,
  "14": 0.01503006012024048,
  "15": 0.19478957915831663,
  "16": 0.1092184368737475,
  "17": 0.1841683366733467,
  "18": 0.33046092184368736,
  "19": 0.3773547094188377,
  "20": 0.17695390781563125,
  "21": 0.12725450901803606,
  "22": 0.41503006012024046,
  "23": 0.31623246492985974,
  "24": 0.3713426853707415,
  "25": 0.20601202404809618,
  "26": 0.2028056112224449,
  "27": 0.24468937875751504,
  "28": 0.288376753507014,
  "29": 0.16773547094188376,
  "30": 0.20981963927855712,
  "31": 0.3488977955911824,
  "32": 0.5645290581162324,
  "33": 0.3034068136272545,
  "34": 0.4246492985971944,
  "35": 0.24208416833667334,
  "36": 0.2605210420841683,
  "37": 0.28396793587174346,
  "38": 0.26993987975951905,
  "39": 0.2092184368737475,
  "40": 0.2659318637274549,
  "41": 0.49579158316633265,
  "42": 0.3743486973947896,
  "43": 0.571743486973948,
  "44": 0.431062124248497,
  "45": 0.24228456913827656,
  "46": 0.2695390781563126,
  "47": 0.27735470941883766,
  "48": 0.4132264529058116,
  "49": 0.41042084168336673,
  "50": 0.3705410821643287,
  "51": 0.5513026052104208,
  "52": 0.5697394789579159,
  "53": 0.27354709418837675,
  "54": 0.3276553106212425,
  "55": 0.16492985971943888,
  "56": 0.18677354709418836,
  "57": 0.19579158316633266,
  "58": 0.22925851703406813,
  "59": 0.4777555110220441,
  "60": 0.7681362725450902,
  "61": 0.481563126252505,
  "62": 0.5935871743486973,
  "63": 0.5915831663326653,
  "64": 0.4687374749498998,
  "65": 0.4567134268537074,
  "66": 0.8286573146292585,
  "67": 0.5519038076152305,
  "68": 0.274749498997996,
  "69": 0.6112224448897795,
  "70": 0.770941883767535,
  "71": 0.20300601202404808,
  "72": 0.7517034068136272,
  "73": 0.45450901803607213,
  "74": 0.43947895791583164,
  "75": 0.3807615230460922,
  "76": 0.9370741482965932,
  "77": 0.44569138276553105,
  "78": 0.46092184368737477,
  "79": 0.6739478957915832,
  "80": 0.28176352705410823,
  "81": 0.8651302605210421,
  "82": 0.8865731462925852,
  "83": 0.23627254509018036,
  "84": 0.5933867735470942,
  "85": 0.5549098196392785,
  "86": 0.3937875751503006,
  "87": 0.5312625250501002,
  "88": 0.5198396793587174,
  "89": 0.42925851703406814,
  "90": 0.22545090180360722,
  "91": 0.8681362725450902,
  "92": 0.7066132264529058,
  "93": 0.4595190380761523,
  "94": 0.8106212424849699,
  "95": 0.762124248496994,
  "96": 0.920440881763527,
  "97": 0.8084168336673346,
  "98": 0.8507014028056112,
  "99": 0.9785571142284569,
  "100": 0.8256513026052105,
  "101": 0.977755511022044,
  "102": 0.5384769539078156,
  "103": 0.3907815631262525,
  "104": 0.4789579158316633,
  "105": 0.6332665330661322,
  "106": 0.9545090180360721,
  "107": 0.9771543086172345,
  "108": 0.5807615230460922,
  "109": 0.3997995991983968,
  "110": 0.3929859719438878,
  "111": 0.5002004008016032,
  "112": 0.549498997995992,
  "113": 0.26232464929859717,
  "114": 0.4370741482965932,
  "115": 0.5889779559118237,
  "116": 0.7164328657314629,
  "117": 0.23306613226452905,
  "118": 0.356312625250501,
  "119": 0.6268537074148297,
  "120": 0.2088176352705411,
  "121": 0.7565130260521042,
  "122": 0.512625250501002,
  "123": 0.3591182364729459,
  "124": 0.1785571142284569,
  "125": 0.3280561122244489,
  "126": 0.4647294589178357,
  "127": 0.13607214428857717,
  "128": 0.33206412825651305,
  "129": 0.4338677354709419,
  "130": 0.7418837675350701,
  "131": 0.13987975951903808,
  "132": 0.2501002004008016,
  "133": 0.2939879759519038,
  "134": 0.48396793587174347,
  "135": 0.3220440881763527,
  "136": 0.47695390781563124,
  "137": 0.7901803607214429,
  "138": 0.27955911823647295,
  "139": 0.7635270541082164,
  "140": 0.2909819639278557,
  "141": 0.19959919839679358,
  "142": 0.2837675350701403,
  "143": 0.33627254509018034,
  "144": 0.23967935871743487,
  "145": 0.3755511022044088,
  "146": 0.16513026052104207,
  "147": 0.3743486973947896,
  "148": 0.6290581162324649,
  "149": 0.8006012024048096,
  "150": 0.36713426853707415,
  "151": 0.281563126252505,
  "152": 0.7298597194388777,
  "153": 0.8144288577154308,
  "154": 0.5432865731462926,
  "155": 0.988376753507014,
  "156": 0.831062124248497,
  "157": 0.5599198396793588,
  "158": 0.3412825651302605,
  "159": 0.34909819639278555,
  "160": 0.981563126252505,
  "161": 0.4162324649298597,
  "162": 0.4657314629258517,
  "163": 0.5511022044088176,
  "164": 0.6817635270541083,
  "165": 0.5470941883767535,
  "166": 0.5809619238476954,
  "167": 0.6240480961923848,
  "168": 0.37294589178356713,
  "169": 0.5440881763527055,
  "170": 0.7871743486973948,
  "171": 0.7935871743486974,
  "172": 0.7819639278557114,
  "173": 0.6645290581162324,
  "174": 0.37755511022044086,
  "175": 0.5080160320641283,
  "176": 0.7254509018036072,
  "177": 0.37915831663326655,
  "178": 0.7991983967935872,
  "179": 0.6711422845691383,
  "180": 0.8751503006012024,
  "181": 0.32444889779559116,
  "182": 0.8557114228456913,
  "183": 0.8649298597194389,
  "184": 0.2537074148296593,
  "185": 0.43366733466933866,
  "186": 0.32144288577154306,
  "187": 0.35130260521042084,
  "188": 0.569939879759519,
  "189": 0.3064128256513026,
  "190": 0.9901803607214429,
  "191": 0.6344689378757515,
  "192": 0.8991983967935872,
  "193": 0.24308617234468938,
  "194": 0.6230460921843687,
  "195": 0.4334669338677355,
  "196": 0.42625250501002004,
  "197": 0.1963927855711423,
  "198": 0.48176352705410824,
  "199": 0.713627254509018,
  "200": 0.7609218436873747,
  "201": 0.504809619238477,
  "202": 0.6288577154308618,
  "203": 0.6232464929859719,
  "204": 0.27955911823647295,
  "205": 0.6186372745490982,
  "206": 0.8969939879759519,
  "207": 0.8867735470941884,
  "208": 0.2807615230460922,
  "209": 0.5430861723446894,
  "210": 0.829058116232465,
  "211": 0.2925851703406814,
  "212": 0.917434869739479,
  "213": 0.6683366733466933,
  "214": 0.501002004008016,
  "215": 0.5571142284569138,
  "216": 0.748496993987976,
  "217": 0.5332665330661323,
  "218": 0.47875751503006014,
  "219": 0.7102204408817635,
  "220": 0.46292585170340683,
  "221": 0.6603206412825652,
  "222": 0.6312625250501002,
  "223": 0.6148296593186373,
  "224": 0.19859719438877754,
  "225": 0.7164328657314629,
  "226": 0.4903807615230461,
  "227": 0.8659318637274549,
  "228": 0.5122244488977956,
  "229": 0.431062124248497,
  "230": 0.2895791583166333,
  "231": 0.28176352705410823,
  "232": 0.4260521042084168,
  "233": 0.7006012024048096,
  "234": 0.35370741482965934,
  "235": 0.5110220440881763,
  "236": 0.992184368737475,
  "237": 0.32364729458917835,
  "238": 0.47414829659318636,
  "239": 0.9945891783567135,
  "240": 0.5392785571142285,
  "241": 0.38336673346693384,
  "242": 0.8236472945891784,
  "243": 0.6062124248496994,
  "244": 0.29899799599198396,
  "245": 0.7278557114228457,
  "246": 0.6302605210420842,
  "247": 0.4118236472945892,
  "248": 0.33486973947895793,
  "249": 0.8308617234468938,
  "250": 0.4721442885771543,
  "251": 0.6498997995991984,
  "252": 0.9861723446893788,
  "253": 0.6583166332665331,
  "254": 0.362124248496994,
  "255": 0.23707414829659318,
  "256": 0.3438877755511022,
  "257": 0.6088176352705411,
  "258": 0.7392785571142284,
  "259": 0.45791583166332667,
  "260": 0.4909819639278557,
  "261": 0.7042084168336673,
  "262": 0.9707414829659319,
  "263": 0.3374749498997996,
  "264": 0.4617234468937876,
  "265": 0.7937875751503006,
  "266": 0.975751503006012,
  "267": 0.8527054108216433,
  "268": 0.5537074148296594,
  "269": 0.9386773547094188,
  "270": 0.6064128256513026,
  "271": 0.9312625250501002,
  "272": 0.8661322645290581,
  "273": 0.9955911823647294,
  "274": 0.9957915831663327,
  "275": 0.9130260521042084,
  "276": 0.9701402805611222,
  "277": 0.605811623246493,