{
  "1": 0.1250501002004008,
  "2": 0.08196392785571142,
  "3": 0.1410821643286573,
  "4": 0.05731462925851703,
  "5": 0.04829659318637274,
  "6": 0.02404809619238477,
  "7": 0.15551102204408818,
  "8": 0.05651302605210421,
  "9": 0.7308617234468938,
  "10": 0.55250501002004,
  "11": 0.1376753507014028,
  "12": 0.46893787575150303,
  "13": 0.3721442885771543,
  "14": 0.10601202404809619,
  "15": 0.817434869739479,
  "16": 0.09979959919839679,
  "17": 0.5675350701402806,
  "18": 0.912625250501002,
  "19": 0.6182364729458918,
  "20": 0.8959919839679359,
  "21": 0.964128256513026,
  "22": 0.8897795591182365,
  "23": 0.9370741482965932,
  "24": 0.9350701402805611,
  "25": 0.7597194388777555,
  "26": 0.9731462925851704,
  "27": 0.9751503006012024,
  "28": 0.9653306613226453,
  "29": 0.9749498997995992,
  "30": 0.5621242484969939,
  "31": 0.9575150300601203,
  "32": 0.9535070140280562,
  "33": 0.8623246492985972,
  "34": 0.9513026052104209,
  "35": 0.9218436873747495,
  "36": 0.7200400801603206,
  "37": 0.6787575150300601,
  "38": 0.6104208416833667,
  "39": 0.4653306613226453,
  "40": 0.866933867735471,
  "41": 0.8895791583166333,
  "42": 0.6084168336673347,
  "43": 0.8745490981963928,
  "44": 0.5827655310621243,
  "45": 0.11302605210420842,
  "46": 0.07214428857715431,
  "47": 0.7448897795591183,
  "48": 0.212625250501002,
  "49": 0.6294589178356713,
  "50": 0.7895791583166333,
  "51": 0.33567134268537074,
  "52": 0.9529058116232465,
  "53": 0.6144288577154309,
  "54": 0.6901803607214428,
  "55": 0.8989979959919839,
  "56": 0.3525050100200401,
  "57": 0.956312625250501,
  "58": 0.9589178356713427,
  "59": 0.7110220440881764,
  "60": 0.6206412825651303,
  "61": 0.633066132264529,
  "62": 0.9595190380761524,
  "63": 0.3975951903807615,
  "64": 0.36773547094188375,
  "65": 0.7937875751503006,
  "66": 0.9549098196392786,
  "67": 0.32525050100200403,
  "68": 0.9346693386773547,
  "69": 0.9637274549098196,
  "70": 0.981563126252505,
  "71": 0.6841683366733466,
  "72": 0.4603206412825651,
  "73": 0.9619238476953907,
  "74": 0.8284569138276553,
  "75": 0.4807615230460922,
  "76": 0.3062124248496994,
  "77": 0.958316633266533,
  "78": 0.7555110220440882,
  "79": 0.29458917835671344,
  "80": 0.6707414829659318,
  "81": 0.9464929859719439,
  "82": 0.7577154308617234,
  "83": 0.8190380761523046,
  "84": 0.9769539078156313,
  "85": 0.9164328657314629,
  "86": 0.9625250501002004,
  "87": 0.988376753507014,
  "88": 0.88937875751503,
  "89": 0.9555110220440882,
  "90": 0.8454909819639278,
  "91": 0.9609218436873748,
  "92": 0.9871743486973948,
  "93": 0.507815631262525,
  "94": 0.4707414829659319,
  "95": 0.6200400801603206,
  "96": 0.8226452905811623,
  "97": 0.38236472945891786,
  "98": 0.986372745490982,
  "99": 0.9653306613226453,
  "100": 0.9382765531062124,
  "101": 0.9685370741482966,
  "102": 0.9653306613226453,
  "103": 0.9633266533066133,
  "104": 0.9687374749498998,
  "105": 0.8861723446893788,
  "106": 0.983567134268537,
  "107": 0.9913827655310621,
  "108": 0.8907815631262525,
  "109": 0.48396793587174347,
  "110": 0.7763527054108217,
  "111": 0.6919839679358717,
  "112": 0.9869739478957916,
  "113": 0.8687374749498998,
  "114": 0.9911823647294589,
  "115": 0.9887775551102205,
  "116": 0.8725450901803607,
  "117": 0.9887775551102205,
  "118": 0.9891783567134268,
  "119": 0.9364729458917835,
  "120": 0.7647294589178357,
  "121": 0.5745490981963928,
  "122": 0.6655310621242485,
  "123": 0.2985971943887776,
  "124": 0.33687374749499,
  "125": 0.04749498997995992,
  "126": 0.18957915831663327,
  "127": 0.34529058116232464,
  "128": 0.04589178356713427,
  "129": 0.4342685370741483,
  "130": 0.7340681362725451,
  "131": 0.052304609218436875,
  "132": 0.6028056112224449,
  "133": 0.9817635270541082,
  "134": 0.49198396793587174,
  "135": 0.8645290581162325,
  "136": 0.8673346693386773,
  "137": 0.8717434869739479,
  "138": 0.9947895791583167,
  "139": 0.9947895791583167,
  "140": 0.9937875751503006,
  "141": 0.9931863727454909,
  "142": 0.9925851703406814,
  "143": 0.7328657314629259,
  "144": 0.9673346693386774,
  "145": 0.9937875751503006,
  "146": 0.6761523046092185,
  "147": 0.9663326653306613,
  "148": 0.5545090180360721,
  "149": 0.9753507014028057,
  "150": 0.41362725450901805,
  "151": 0.6793587174348698,
  "152": 0.4034068136272545,
  "153": 0.4376753507014028,
  "154": 0.32344689378757513,
  "155": 0.5635270541082165,
  "156": 0.3186372745490982,
  "157": 0.9525050100200401,
  "158": 0.1406813627254509,
  "159": 0.6973947895791583,
  "160": 0.9613226452905812,
  "161": 0.6430861723446893,
  "162": 0.964128256513026,
  "163": 0.6633266533066132,
  "164": 0.7523046092184369,
  "165": 0.7521042084168337,
  "166": 0.9803607214428858,
  "167": 0.757314629258517,
  "168": 0.8056112224448898,
  "169": 0.39478957915831664,
  "170": 0.9767535070140281,
  "171": 0.8366733466933868,
  "172": 0.24789579158316633,
  "173": 0.851503006012024,
  "174": 0.8963927855711423,
  "175": 0.5264529058116233,
  "176": 0.41963927855711425,
  "177": 0.5589178356713427,
  "178": 0.9753507014028057,
  "179": 0.5448897795591182,
  "180": 0.4909819639278557,
  "181": 0.7755511022044088,
  "182": 0.9839679358717435,
  "183": 0.820440881763527,
  "184": 0.5593186372745491,
  "185": 0.9476953907815632,
  "186": 0.5815631262525051,
  "187": 0.3837675350701403,
  "188": 0.3561122244488978,
  "189": 0.2991983967935872,
  "190": 0.7973947895791583,
  "191": 0.9627254509018036,
  "192": 0.7318637274549098,
  "193": 0.7112224448897796,
  "194": 0.9849699398797596,
  "195": 0.986372745490982,
  "196": 0.9599198396793587,
  "197": 0.9725450901803607,
  "198": 0.9607214428857715,
  "199": 0.9523046092184368,
  "200": 0.9458917835671342,
  "201": 0.6781563126252504,
  "202": 0.7919839679358718,
  "203": 0.9849699398797596,
  "204": 0.9847695390781563,
  "205": 0.9823647294589178,
  "206": 0.9118236472945892,
  "207": 0.9603206412825651,
  "208": 0.680561122244489,
  "209": 0.656312625250501,
  "210": 0.42004008016032063,
  "211": 0.7128256513026052,
  "212": 0.2280561122244489,
  "213": 0.5426853707414829,
  "214": 0.07334669338677355,
  "215": 0.04128256513026052,
  "216": 0.6034068136272545,
  "217": 0.050100200400801605,
  "218": 0.1685370741482966,
  "219": 0.4250501002004008,
  "220": 0.2605210420841683,
  "221": 0.2376753507014028,
  "222": 0.3661322645290581,
  "223": 0.46112224448897793,
  "224": 0.32364729458917835,
  "225": 0.35751503006012025,
  "226": 0.7036072144288578,
  "227": 0.18937875751503006,
  "228": 0.5230460921843687,
  "229": 0.6232464929859719,
  "230": 0.9575150300601203,
  "231": 0.9541082164328657,
  "232": 0.7773547094188377,
  "233": 0.9543086172344689,
  "234": 0.9851703406813628,
  "235": 0.9593186372745491,
  "236": 0.8735470941883767,
  "237": 0.934068136272545,
  "238": 0.9539078156312625,
  "239": 0.5821643286573146,
  "240": 0.7454909819639278,
  "241": 0.9324649298597194,
  "242": 0.9156312625250501,
  "243": 0.5356713426853708,
  "244": 0.9821643286573146,
  "245": 0.6240480961923848,
  "246": 0.20501002004008015,
  "247": 0.6140280561122244,
  "248": 0.9547094188376753,
  "249": 0.9761523046092184,
  "250": 0.6404809619238477,
  "251": 0.9819639278557114,
  "252": 0.9462925851703406,
  "253": 0.9939879759519038,
  "254": 0.9853707414829659,
  "255": 0.9545090180360721,
  "256": 0.9827655310621243,
  "257": 0.9837675350701403,
  "258": 0.9795591182364729,
  "259": 0.9336673346693387,
  "260": 0.8098196392785572,
  "261": 0.9837675350701403,
  "262": 0.9789579158316634,
  "263": 0.8414829659318638,
  "264": 0.9472945891783567,
  "265": 0.9809619238476954,
  "266": 0.9543086172344689,
  "267": 0.9819639278557114,
  "268": 0.9517034068136273,
  "269": 0.9751503006012024,
  "270": 0.961122244488978,
  "271": 0.9795591182364729,
  "272": 0.9851703406813628,
  "273": 0.7571142284569138,
  "274": 0.9344689378757515,
  "275": 0.9577154308617234,
  "276": 0.9759519038076152,
  "277": 0.8168336673346693,
  "278": 0.9837675350701403,
  "279": 0.818436873747495,