{
  "1": 0.7827655310621242,
  "2": 0.5621242484969939,
  "3": 0.1597194388777555,
  "4": 0.05571142284569138,
  "5": 0.112625250501002,
  "6": 0.5248496993987976,
  "7": 0.5769539078156313,
  "8": 0.07615230460921844,
  "9": 0.04148296593186373,
  "10": 0.032264529058116234,
  "11": 0.0657314629258517,
  "12": 0.05851703406813627,
  "13": 0.04148296593186373,
  "14": 0.0655310621242485,
  "15": 0.07635270541082165,
  "16": 0.06793587174348698,
  "17": 0.10260521042084168,
  "18": 0.09338677354709418,
  "19": 0.04428857715430862,
  "20": 0.15430861723446893,
  "21": 0.06933867735470942,
  "22": 0.04168336673346693,
  "23": 0.02124248496993988,
  "24": 0.02004008016032064,
  "25": 0.01903807615230461,
  "26": 0.00501002004008016,
  "27": 0.006412825651302605,
  "28": 0.0036072144288577155,
  "29": 0.003406813627254509,
  "30": 0.024849699398797595,
  "31": 0.27434869739478956,
  "32": 0.5741482965931863,
  "33": 0.5314629258517034,
  "34": 0.2651302605210421,
  "35": 0.040480961923847696,
  "36": 0.016833667334669337,
  "37": 0.03547094188376754,
  "38": 0.4803607214428858,
  "39": 0.5168336673346693,
  "40": 0.03847695390781563,
  "41": 0.0008016032064128256,
  "42": 0.0004008016032064128,
  "43": 0.03206412825651302,
  "44": 0.09438877755511021,
  "45": 0.09819639278557114,
  "46": 0.1691382765531062,
  "47": 0.29539078156312626,
  "48": 0.31462925851703405,
  "49": 0.12244488977955911,
  "50": 0.35771543086172347,
  "51": 0.457314629258517,
  "52": 0.3060120240480962,
  "53": 0.3340681362725451,
  "54": 0.26072144288577154,
  "55": 0.021042084168336674,
  "56": 0.020240480961923848,
  "57": 0.02905811623246493,
  "58": 0.021042084168336674,
  "59": 0.01282565130260521,
  "60": 0.01743486973947896,
  "61": 0.27374749498997997,
  "62": 0.3432865731462926,
  "63": 0.21022044088176353,
  "64": 0.24488977955911823,
  "65": 0.280561122244489,
  "66": 0.6735470941883768,
  "67": 0.8857715430861723,
  "68": 0.901002004008016,
  "69": 0.35751503006012025,
  "70": 0.47394789579158314,
  "71": 0.14248496993987975,
  "72": 0.1777555110220441,
  "73": 0.36132264529058117,
  "74": 0.9104208416833668,
  "75": 0.6957915831663327,
  "76": 0.906813627254509,
  "77": 0.9392785571142285,
  "78": 0.9190380761523046,
  "79": 0.7705410821643287,
  "80": 0.5759519038076152,
  "81": 0.4501002004008016,
  "82": 0.8657314629258517,
  "83": 0.6178356713426854,
  "84": 0.8004008016032064,
  "85": 0.9595190380761524,
  "86": 0.8583166332665331,
  "87": 0.9543086172344689,
  "88": 0.9603206412825651,
  "89": 0.9645290581162325,
  "90": 0.9673346693386774,
  "91": 0.956312625250501,
  "92": 0.9683366733466934,
  "93": 0.9635270541082165,
  "94": 0.9671342685370742,
  "95": 0.9599198396793587,
  "96": 0.9402805611222445,
  "97": 0.9484969939879759,
  "98": 0.9422845691382765,
  "99": 0.774749498997996,
  "100": 0.9531062124248497,
  "101": 0.7995991983967936,
  "102": 0.8354709418837676,
  "103": 0.7398797595190381,
  "104": 0.4749498997995992,
  "105": 0.966933867735471,
  "106": 0.9140280561122245,
  "107": 0.49138276553106214,
  "108": 0.9615230460921844,
  "109": 0.9627254509018036,
  "110": 0.7382765531062124,
  "111": 0.8987975951903807,
  "112": 0.9657314629258517,
  "113": 0.8901803607214429,
  "114": 0.5585170340681362,
  "115": 0.944689378757515,
  "116": 0.9733466933867736,
  "117": 0.9380761523046092,
  "118": 0.7523046092184369,
  "119": 0.9108216432865731,
  "120": 0.9078156312625251,
  "121": 0.9725450901803607,
  "122": 0.9224448897795591,
  "123": 0.9607214428857715,
  "124": 0.9394789579158317,
  "125": 0.9655310621242486,
  "126": 0.524248496993988,
  "127": 0.9298597194388778,
  "128": 0.9657314629258517,
  "129": 0.823246492985972,
  "130": 0.9110220440881763,
  "131": 0.966933867735471,
  "132": 0.8695390781563126,
  "133": 0.38517034068136274,
  "134": 0.9444889779559118,
  "135": 0.9577154308617234,
  "136": 0.8136272545090181,
  "137": 0.8659318637274549,
  "138": 0.9468937875751503,
  "139": 0.8655310621242485,
  "140": 0.806813627254509,
  "141": 0.9593186372745491,
  "142": 0.9679358717434869,
  "143": 0.9691382765531062,
  "144": 0.9322645290581162,
  "145": 0.8422845691382765,
  "146": 0.9352705410821643,
  "147": 0.9062124248496994,
  "148": 0.9490981963927856,
  "149": 0.9577154308617234,
  "150": 0.9587174348697395,
  "151": 0.5849699398797595,
  "152": 0.9681362725450902,
  "153": 0.9617234468937875,
  "154": 0.787374749498998,
  "155": 0.9110220440881763,
  "156": 0.8090180360721443,
  "157": 0.9743486973947896,
  "158": 0.9334669338677355,
  "159": 0.6050100200400802,
  "160": 0.3875751503006012,
  "161": 0.9733466933867736,
  "162": 0.8907815631262525,
  "163": 0.8324649298597194,
  "164": 0.9094188376753507,
  "165": 0.9719438877755511,
  "166": 0.9701402805611222,
  "167": 0.961122244488978,
  "168": 0.9735470941883767,
  "169": 0.779559118236473,
  "170": 0.9675350701402805,
  "171": 0.8975951903807615,
  "172": 0.969939879759519,
  "173": 0.9541082164328657,
  "174": 0.9731462925851704,
  "175": 0.9779559118236473,
  "176": 0.980561122244489,
  "177": 0.6991983967935872,
  "178": 0.49799599198396793,
  "179": 0.9779559118236473,
  "180": 0.9008016032064128,
  "181": 0.7803607214428858,
  "182": 0.5621242484969939,
  "183": 0.9721442885771543,
  "184": 0.9535070140280562,
  "185": 0.9711422845691383,
  "186": 0.9729458917835672,
  "187": 0.9200400801603207,
  "188": 0.9605210420841683,
  "189": 0.5168336673346693,
  "190": 0.8619238476953908,
  "191": 0.9811623246492986,
  "192": 0.37835671342685373,
  "193": 0.46112224448897793,
  "194": 0.5679358717434869,
  "195": 0.9823647294589178,
  "196": 0.6643286573146293,
  "197": 0.9797595190380761,
  "198": 0.9833667334669338,
  "199": 0.9657314629258517,
  "200": 0.6627254509018036,
  "201": 0.7160320641282565,
  "202": 0.8541082164328657,
  "203": 0.9817635270541082,
  "204": 0.9501002004008016,
  "205": 0.7791583166332665,
  "206": 0.9420841683366733,
  "207": 0.5889779559118237,
  "208": 0.977755511022044,
  "209": 0.6182364729458918,
  "210": 0.9791583166332666,
  "211": 0.9867735470941884,
  "212": 0.9871743486973948,
  "213": 0.9104208416833668,
  "214": 0.987374749498998,
  "215": 0.9865731462925852,
  "216": 0.980561122244489,
  "217": 0.9817635270541082,
  "218": 0.9869739478957916,
  "219": 0.9851703406813628,
  "220": 0.8897795591182365,
  "221": 0.9100200400801604,
  "222": 0.9731462925851704,
  "223": 0.9587174348697395,
  "224": 0.9521042084168336,
  "225": 0.9797595190380761,
  "226": 0.6639278557114229,
  "227": 0.6837675350701403,
  "228": 0.980561122244489,
  "229": 0.37915831663326655,
  "230": 0.6350701402805611,
  "231": 0.9701402805611222,
  "232": 0.9519038076152304,
  "233": 0.8342685370741483,
  "234": 0.43527054108216434,
  "235": 0.9843687374749499,
  "236": 0.9715430861723446,
  "237": 0.797995991983968,
  "238": 0.9773547094188377,
  "239": 0.9737474949899799,
  "240": 0.9759519038076152,
  "241": 0.8496993987975952,
  "242": 0.9769539078156313,
  "243": 0.9855711422845691,
  "244": 0.9865731462925852,
  "245": 0.9779559118236473,
  "246": 0.980561122244489,
  "247": 0.8989979959919839,
  "248": 0.9711422845691383,
  "249": 0.4729458917835671,
  "250": 0.9647294589178357,
  "251": 0.9410821643286573,
  "252": 0.9258517034068137,
  "253": 0.9745490981963928,
  "254": 0.9326653306613226,
  "255": 0.5168336673346693,
  "256": 0.9801603206412826,
  "257": 0.82625250501002,
  "258": 0.9,
  "259": 0.7833667334669339,
  "260": 0.9817635270541082,
  "261": 0.8220440881763527,
  "262": 0.7452905811623246,
  "263": 0.9248496993987976,
  "264": 0.9444889779559118,
  "265": 0.6673346693386774,
  "266": 0.9226452905811623,
  "267": 0.958316633266533,
  "268": 0.9665330661322645,
  "269": 0.9719438877755511,
  "270": 0.4879759519038076,
  "271": 0.9845691382765531,
  "272": 0.8474949899799599,
  "273": 0.9825651302605211,
  "274": 0.881563126252505,
  "275": 0.9785571142284569,
  "276": 0.8773547094188376,
  "277": 0.9687374749498998,
  "278": 0.8905811623246493,