{
  "1": 0.8765531062124249,
  "2": 0.2280561122244489,
  "3": 0.24488977955911823,
  "4": 0.5709418837675351,
  "5": 0.6617234468937876,
  "6": 0.9623246492985972,
  "7": 0.806813627254509,
  "8": 0.9625250501002004,
  "9": 0.972745490981964,
  "10": 0.6765531062124248,
  "11": 0.9735470941883767,
  "12": 0.8781563126252505,
  "13": 0.9721442885771543,
  "14": 0.4835671342685371,
  "15": 0.3360721442885772,
  "16": 0.9763527054108216,
  "17": 0.5801603206412825,
  "18": 0.39539078156312624,
  "19": 0.4761523046092184,
  "20": 0.3182364729458918,
  "21": 0.8090180360721443,
  "22": 0.29759519038076154,
  "23": 0.3150300601202405,
  "24": 0.40521042084168335,
  "25": 0.09899799599198397,
  "26": 0.4380761523046092,
  "27": 0.44569138276553105,
  "28": 0.2248496993987976,
  "29": 0.76312625250501,
  "30": 0.9190380761523046,
  "31": 0.8118236472945892,
  "32": 0.9372745490981964,
  "33": 0.8795591182364729,
  "34": 0.9444889779559118,
  "35": 0.8388777555110221,
  "36": 0.8771543086172344,
  "37": 0.5188376753507014,
  "38": 0.4871743486973948,
  "39": 0.9543086172344689,
  "40": 0.5040080160320641,
  "41": 0.34849699398797596,
  "42": 0.930060120240481,
  "43": 0.5150300601202404,
  "44": 0.5881763527054108,
  "45": 0.20140280561122245,
  "46": 0.3408817635270541,
  "47": 0.5509018036072144,
  "48": 0.42084168336673344,
  "49": 0.31783567134268537,
  "50": 0.6731462925851703,
  "51": 0.7933867735470942,
  "52": 0.8246492985971944,
  "53": 0.8673346693386773,
  "54": 0.9643286573146292,
  "55": 0.9166332665330661,
  "56": 0.4408817635270541,
  "57": 0.6879759519038077,
  "58": 0.32665330661322645,
  "59": 0.3935871743486974,
  "60": 0.8745490981963928,
  "61": 0.9460921843687374,
  "62": 0.6835671342685371,
  "63": 0.4811623246492986,
  "64": 0.4026052104208417,
  "65": 0.558316633266533,
  "66": 0.5448897795591182,
  "67": 0.425250501002004,
  "68": 0.46653306613226453,
  "69": 0.9092184368737475,
  "70": 0.606813627254509,
  "71": 0.7567134268537075,
  "72": 0.8859719438877756,
  "73": 0.9839679358717435,
  "74": 0.9829659318637275,
  "75": 0.9420841683366733,
  "76": 0.9851703406813628,
  "77": 0.9683366733466934,
  "78": 0.8198396793587175,
  "79": 0.5452905811623247,
  "80": 0.9853707414829659,
  "81": 0.7647294589178357,
  "82": 0.3408817635270541,
  "83": 0.9695390781563126,
  "84": 0.7713426853707415,
  "85": 0.8490981963927856,
  "86": 0.6084168336673347,
  "87": 0.972745490981964,
  "88": 0.9034068136272545,
  "89": 0.5721442885771543,
  "90": 0.2685370741482966,
  "91": 0.9360721442885771,
  "92": 0.6695390781563126,
  "93": 0.4521042084168337,
  "94": 0.9695390781563126,
  "95": 0.9717434869739479,
  "96": 0.986372745490982,
  "97": 0.8735470941883767,
  "98": 0.9865731462925852,
  "99": 0.9869739478957916,
  "100": 0.7529058116232465,
  "101": 0.9260521042084169,
  "102": 0.9096192384769539,
  "103": 0.8991983967935872,
  "104": 0.7789579158316633,
  "105": 0.3915831663326653,
  "106": 0.8030060120240481,
  "107": 0.9318637274549099,
  "108": 0.6132264529058116,
  "109": 0.287374749498998,
  "110": 0.48016032064128256,
  "111": 0.555310621242485,
  "112": 0.7861723446893788,
  "113": 0.29378757515030063,
  "114": 0.9843687374749499,
  "115": 0.974749498997996,
  "116": 0.9258517034068137,
  "117": 0.7885771543086172,
  "118": 0.9176352705410822,
  "119": 0.7925851703406813,
  "120": 0.9895791583166332,
  "121": 0.9931863727454909,
  "122": 0.9809619238476954,
  "123": 0.9931863727454909,
  "124": 0.8264529058116232,
  "125": 0.9915831663326653,
  "126": 0.9889779559118237,
  "127": 0.987374749498998,
  "128": 0.7529058116232465,
  "129": 0.988376753507014,
  "130": 0.9877755511022044,
  "131": 0.9721442885771543,
  "132": 0.8705410821643287,
  "133": 0.9915831663326653,
  "134": 0.8114228456913828,
  "135": 0.8472945891783568,
  "136": 0.8076152304609219,
  "137": 0.958316633266533,
  "138": 0.5168336673346693,
  "139": 0.8797595190380761,
  "140": 0.905811623246493,
  "141": 0.9154308617234469,
  "142": 0.3106212424849699,
  "143": 0.5034068136272545,
  "144": 0.9799599198396793,
  "145": 0.9773547094188377,
  "146": 0.9470941883767535,
  "147": 0.7589178356713426,
  "148": 0.3725450901803607,
  "149": 0.7865731462925851,
  "150": 0.9917835671342685,
  "151": 0.6591182364729459,
  "152": 0.9927855711422846,
  "153": 0.7985971943887775,
  "154": 0.9919839679358717,
  "155": 0.9869739478957916,
  "156": 0.9903807615230461,
  "157": 0.9901803607214429,
  "158": 0.9428857715430862,
  "159": 0.9354709418837676,
  "160": 0.9819639278557114,
  "161": 0.9496993987975952,
  "162": 0.28396793587174346,
  "163": 0.9098196392785571,
  "164": 0.6513026052104208,
  "165": 0.988376753507014,
  "166": 0.9525050100200401,
  "167": 0.9619238476953907,
  "168": 0.9875751503006012,
  "169": 0.9889779559118237,
  "170": 0.9897795591182365,
  "171": 0.9885771543086173,
  "172": 0.9913827655310621,
  "173": 0.9913827655310621,
  "174": 0.9917835671342685,
  "175": 0.803807615230461,
  "176": 0.9657314629258517,
  "177": 0.9943887775551102,
  "178": 0.9647294589178357,
  "179": 0.9911823647294589,
  "180": 0.956312625250501,
  "181": 0.9891783567134268,
  "182": 0.9448897795591182,
  "183": 0.7398797595190381,
  "184": 0.9911823647294589,
  "185": 0.32585170340681363,
  "186": 0.941683366733467,
  "187": 0.6595190380761523,
  "188": 0.541683366733467,
  "189": 0.5480961923847696,
  "190": 0.36332665330661323,
  "191": 0.7585170340681363,
  "192": 0.8853707414829659,
  "193": 0.7094188376753507,
  "194": 0.32625250501002007,
  "195": 0.46132264529058115,
  "196": 0.27675350701402807,
  "197": 0.6240480961923848,
  "198": 0.33026052104208414,
  "199": 0.756312625250501,
  "200": 0.38517034068136274,
  "201": 0.6028056112224449,
  "202": 0.992184368737475,
  "203": 0.9803607214428858,
  "204": 0.5260521042084169,
  "205": 0.5404809619238476,
  "206": 0.9759519038076152,
  "207": 0.8603206412825651,
  "208": 0.9318637274549099,
  "209": 0.8476953907815631,
  "210": 0.5488977955911823,
  "211": 0.8545090180360722,
  "212": 0.7915831663326653,
  "213": 0.9334669338677355,
  "214": 0.7869739478957916,
  "215": 0.5268537074148296,
  "216": 0.8901803607214429,
  "217": 0.8697394789579158,
  "218": 0.9082164328657315,
  "219": 0.6749498997995992,
  "220": 0.9769539078156313,
  "221": 0.8661322645290581,
  "222": 0.9913827655310621,
  "223": 0.9903807615230461,
  "224": 0.9587174348697395,
  "225": 0.9911823647294589,
  "226": 0.7787575150300601,
  "227": 0.6322645290581163,
  "228": 0.6519038076152305,
  "229": 0.47575150300601204,
  "230": 0.7725450901803608,
  "231": 0.6575150300601202,
  "232": 0.9937875751503006,
  "233": 0.4715430861723447,
  "234": 0.9464929859719439,
  "235": 0.9486973947895792,
  "236": 0.9,
  "237": 0.9158316633266533,
  "238": 0.4779559118236473,
  "239": 0.9234468937875752,
  "240": 0.49879759519038075,
  "241": 0.5991983967935872,
  "242": 0.9937875751503006,
  "243": 0.992184368737475,
  "244": 0.9729458917835672,
  "245": 0.887374749498998,
  "246": 0.9927855711422846,
  "247": 0.8911823647294589,
  "248": 0.7490981963927855,
  "249": 0.9889779559118237,
  "250": 0.9513026052104209,
  "251": 0.9086172344689378,
  "252": 0.7358717434869739,
  "253": 0.6987975951903808,
  "254": 0.587374749498998,
  "255": 0.7507014028056113,
  "256": 0.4216432865731463,
  "257": 0.9292585170340681,
  "258": 0.9114228456913828,
  "259": 0.7601202404809619,
  "260": 0.4759519038076152,
  "261": 0.9785571142284569,
  "262": 0.7414829659318637,
  "263": 0.9703406813627254,
  "264": 0.42044088176352706,
  "265": 0.6212424849699398,
  "266": 0.3432865731462926,
  "267": 0.31182364729458917,
  "268": 0.2995991983967936,
  "269": 0.41943887775551103,
  "270": 0.3831663326653307,
  "271": 0.667935871743487,
  "272": 0.2685370741482966,
  "273": 0.33486973947895793,
  "274": 0.5150300601202404,
  "275": 0.5196392785571142,
  "276": 0.30581162324649297,
  "277": 0.980561122244489,
  "278": 0.4847695390781563,
  "279": 0.6779559118236473,
  "280": 0.7150300601202405,